{
    "CATI": 0.142298,
    "TON": 3.41,
    "NOT": 0.00241328,
    "DOGS": 0.00014331,
    "PX": 0.057405,
    "MAJOR": 0.161842
}