{
    "CATI": 0.148078,
    "TON": 2.68,
    "NOT": 0.00198982,
    "DOGS": 0.00012277,
    "PX": 0.0451869,
    "MAJOR": 0.11193
}