{
    "CATI": 0.15396,
    "TON": 2.64,
    "NOT": 0.00208139,
    "DOGS": 0.0001252,
    "PX": 0.04542253,
    "MAJOR": 0.111879
}