{
    "CATI": 0.148091,
    "TON": 3.7,
    "NOT": 0.00261324,
    "DOGS": 0.00016172,
    "PX": 0.095896,
    "MAJOR": 0.184093
}