{
    "CATI": 0.150268,
    "TON": 2.64,
    "NOT": 0.00199619,
    "DOGS": 0.00012154,
    "PX": 0.041965,
    "MAJOR": 0.116165
}