{
    "CATI": 0.14706,
    "TON": 2.97,
    "NOT": 0.00231026,
    "DOGS": 0.0001404,
    "PX": 0.053088,
    "MAJOR": 0.135026
}