{
    "CATI": 0.14593,
    "TON": 2.92,
    "NOT": 0.00208612,
    "DOGS": 0.0001294,
    "PX": 0.051638,
    "MAJOR": 0.12556
}