{
    "CATI": 0.086163,
    "TON": 2.92,
    "NOT": 0.00178941,
    "DOGS": 0.00011447,
    "PX": 0.074106,
    "MAJOR": 0.121631
}