{
    "CATI": 0.138601,
    "TON": 4.05,
    "NOT": 0.00220797,
    "DOGS": 0.00013426,
    "PX": 0.089683,
    "MAJOR": 0.151125
}