{
    "CATI": 0.088221,
    "TON": 3.24,
    "NOT": 0.00256622,
    "DOGS": 0.00015318,
    "PX": 0.084801,
    "MAJOR": 0.183858
}