{
    "CATI": 0.146842,
    "TON": 2.97,
    "NOT": 0.00232891,
    "DOGS": 0.0001405,
    "PX": 0.05353,
    "MAJOR": 0.136962
}