{
    "CATI": 0.153266,
    "TON": 2.66,
    "NOT": 0.00207787,
    "DOGS": 0.00012653,
    "PX": 0.04517874,
    "MAJOR": 0.119309
}