{
    "CATI": 0.144094,
    "TON": 2.77,
    "NOT": 0.00200617,
    "DOGS": 0.00012637,
    "PX": 0.04866775,
    "MAJOR": 0.114134
}