{
    "CATI": 0.154118,
    "TON": 2.72,
    "NOT": 0.00216933,
    "DOGS": 0.0001269,
    "PX": 0.04608211,
    "MAJOR": 0.120669
}