{
    "CATI": 0.14979,
    "TON": 3.73,
    "NOT": 0.00266995,
    "DOGS": 0.00016558,
    "PX": 0.121349,
    "MAJOR": 0.182343
}