{
    "CATI": 0.089146,
    "TON": 3.27,
    "NOT": 0.00252566,
    "DOGS": 0.0001475,
    "PX": 0.083559,
    "MAJOR": 0.181663
}