{
    "CATI": 0.161565,
    "TON": 3.41,
    "NOT": 0.00259054,
    "DOGS": 0.00014632,
    "PX": 0.059022,
    "MAJOR": 0.136659
}