{
    "CATI": 0.087025,
    "TON": 3.0,
    "NOT": 0.00199702,
    "DOGS": 0.00012617,
    "PX": 0.071607,
    "MAJOR": 0.204247
}