{
    "CATI": 0.081886,
    "TON": 3.0,
    "NOT": 0.00197225,
    "DOGS": 0.00012016,
    "PX": 0.069877,
    "MAJOR": 0.169376
}