{
    "CATI": 0.095037,
    "TON": 3.02,
    "NOT": 0.00174963,
    "DOGS": 0.0001097,
    "PX": 0.063905,
    "MAJOR": 0.121132
}