{
    "CATI": 0.162549,
    "TON": 2.93,
    "NOT": 0.00213556,
    "DOGS": 0.00013291,
    "PX": 0.05096,
    "MAJOR": 0.128093
}