{
    "CATI": 0.157038,
    "TON": 2.71,
    "NOT": 0.00209639,
    "DOGS": 0.00012656,
    "PX": 0.04557411,
    "MAJOR": 0.115129
}