{
    "CATI": 0.161341,
    "TON": 2.93,
    "NOT": 0.00214508,
    "DOGS": 0.0001335,
    "PX": 0.051168,
    "MAJOR": 0.127623
}