{
    "CATI": 0.147302,
    "TON": 3.61,
    "NOT": 0.00265844,
    "DOGS": 0.00016533,
    "PX": 0.102772,
    "MAJOR": 0.185252
}