{
    "CATI": 0.148053,
    "TON": 2.97,
    "NOT": 0.00230684,
    "DOGS": "N/A",
    "PX": 0.053102,
    "MAJOR": 0.136622
}