{
    "CATI": 0.091097,
    "TON": 3.12,
    "NOT": 0.00219975,
    "DOGS": 0.00014512,
    "PX": 0.074906,
    "MAJOR": 0.191307
}