{
    "CATI": 0.153837,
    "TON": 2.65,
    "NOT": 0.00204394,
    "DOGS": 0.00012501,
    "PX": 0.04575065,
    "MAJOR": 0.119692
}