{
    "CATI": 0.13739,
    "TON": 4.0,
    "NOT": 0.00221446,
    "DOGS": 0.00013635,
    "PX": 0.093984,
    "MAJOR": 0.146285
}