{
    "CATI": 0.142821,
    "TON": 4.09,
    "NOT": 0.00227816,
    "DOGS": 0.00014332,
    "PX": 0.09741,
    "MAJOR": 0.156692
}