{
    "CATI": 0.158937,
    "TON": 2.87,
    "NOT": 0.00221606,
    "DOGS": 0.00013729,
    "PX": 0.04813162,
    "MAJOR": 0.122392
}