{
    "CATI": 0.145843,
    "TON": 2.96,
    "NOT": 0.00228724,
    "DOGS": 0.00012966,
    "PX": 0.052079,
    "MAJOR": 0.131096
}