{
    "CATI": 0.149944,
    "TON": 3.66,
    "NOT": 0.00263284,
    "DOGS": 0.00016337,
    "PX": 0.1072,
    "MAJOR": 0.188781
}