{
    "CATI": 0.153609,
    "TON": 2.69,
    "NOT": 0.00195945,
    "DOGS": 0.00012201,
    "PX": 0.04702334,
    "MAJOR": 0.111872
}