{
    "CATI": 0.144244,
    "TON": 3.73,
    "NOT": 0.00251485,
    "DOGS": 0.00014441,
    "PX": 0.06973,
    "MAJOR": 0.247807
}