{
    "CATI": 0.143177,
    "TON": 3.61,
    "NOT": 0.00245736,
    "DOGS": 0.00015774,
    "PX": 0.074937,
    "MAJOR": 0.215485
}