{
    "CATI": 0.145228,
    "TON": 3.68,
    "NOT": 0.00250977,
    "DOGS": 0.00015689,
    "PX": 0.083953,
    "MAJOR": 0.181823
}