{
    "CATI": 0.144068,
    "TON": 3.99,
    "NOT": 0.00254279,
    "DOGS": 0.00015537,
    "PX": 0.107993,
    "MAJOR": 0.168718
}