{
    "CATI": 0.162366,
    "TON": 2.68,
    "NOT": 0.00200049,
    "DOGS": 0.00012644,
    "PX": 0.04654519,
    "MAJOR": 0.114446
}