{
    "CATI": 0.073704,
    "TON": 2.97,
    "NOT": 0.00168732,
    "DOGS": 0.00010379,
    "PX": 0.072095,
    "MAJOR": 0.110531
}