{
    "CATI": 0.14936,
    "TON": 3.63,
    "NOT": 0.00272346,
    "DOGS": 0.0001655,
    "PX": 0.105034,
    "MAJOR": 0.194515
}