{
    "CATI": 0.095421,
    "TON": 3.01,
    "NOT": 0.00172648,
    "DOGS": 0.00011072,
    "PX": 0.072928,
    "MAJOR": 0.120873
}