{
    "CATI": 0.144532,
    "TON": 2.83,
    "NOT": 0.00205102,
    "DOGS": 0.00012866,
    "PX": 0.04982929,
    "MAJOR": 0.118448
}