{
    "CATI": 0.156682,
    "TON": 2.54,
    "NOT": 0.00197352,
    "DOGS": 0.00011949,
    "PX": 0.04251867,
    "MAJOR": 0.109628
}