{
    "CATI": 0.144482,
    "TON": 2.8,
    "NOT": 0.00202603,
    "DOGS": 0.00012611,
    "PX": 0.0483863,
    "MAJOR": 0.116815
}