{
    "CATI": 0.142164,
    "TON": 3.69,
    "NOT": 0.00226716,
    "DOGS": 0.00013616,
    "PX": 0.086944,
    "MAJOR": 0.15251
}